"sample_id","date","fish","site","a","l","p","species"
1,"2019-06-04","gar","burbank",0,6,0,"gar"
2,"2019-06-05","bluegill","gunderson",0,35,1,"bluegill"
3,"2019-06-05","bluegill","gunderson",0,18,1,"bluegill"
4,"2019-06-06","black bullhead catfish","burbank",0,165,7,"blackbullheadcatfish"
5,"2019-06-07","johnny darter","spirit mound",0,150,0,"johnnydarter"
6,"2019-06-05","bluegill","gunderson",0,88,3,"bluegill"
7,"2019-06-06","black bullhead catfish","little bridge",0,0,0,"blackbullheadcatfish"
8,"2019-06-05","bluegill","gunderson",1,98,5,"bluegill"
9,"2019-06-06","sand shiner","little bridge",0,8,0,"sandshiner"
10,"2019-06-05","black bullhead catfish","gunderson",0,28,0,"blackbullheadcatfish"
11,"2019-06-07","johnny darter","spirit mound",0,347,0,"johnnydarter"
12,"2019-06-06","spotfin shiner","burbank",0,0,0,"spotfinshiner"
13,"2019-06-06","spotfin shiner","burbank",0,0,0,"spotfinshiner"
14,"2019-06-06","spotfin shiner","burbank",0,0,0,"spotfinshiner"
15,"2019-06-07","river shiner","gunderson",0,46,0,"rivershiner"
16,"2019-06-07","creek chub","spirit mound",0,0,0,"creekchub"
18,"2019-06-06","black bullhead catfish","little bridge",0,20,1,"blackbullheadcatfish"
20,"2019-06-06","spotfin shiner","burbank",0,0,0,"spotfinshiner"
21,"2019-06-07","creek chub","spirit mound",11,6,0,"creekchub"
22,"2019-06-06","creek chub","little bridge",0,2,0,"creekchub"
23,"2019-06-06","spotfin shiner","burbank",0,0,0,"spotfinshiner"
24,"2019-06-07","river shiner","gunderson",0,0,0,"rivershiner"
25,"2019-06-06","green sunfish","little bridge",0,17,2,"greensunfish"
26,"2019-06-07","bluegill","gunderson",0,10,0,"bluegill"
27,"2019-06-07","johnny darter","spirit mound",0,13,0,"johnnydarter"
28,"2019-06-06","spotfin shiner","burbank",0,0,0,"spotfinshiner"
29,"2019-06-07","sand shiner","spirit mound",0,0,0,"sandshiner"
30,"2019-06-07","creek chub","spirit mound",0,7,1,"creekchub"
31,"2019-06-06","spotfin shiner","burbank",0,1,0,"spotfinshiner"
32,"2019-06-06","spotfin shiner","burbank",0,1,0,"spotfinshiner"
33,"2019-06-06","spotfin shiner","burbank",0,0,0,"spotfinshiner"
34,"2019-06-07","creek chub","spirit mound",0,1,0,"creekchub"
35,"2019-06-07","creek chub","spirit mound",0,5,0,"creekchub"
36,"2019-06-06","black bullhead catfish","little bridge",0,17,0,"blackbullheadcatfish"
37,"2019-06-07","sand shiner","spirit mound",0,1,0,"sandshiner"
38,"2019-06-07","johnny darter","spirit mound",0,6,0,"johnnydarter"
39,"2019-06-07","fathead minnow","spirit mound",0,0,0,"fatheadminnow"
40,"2019-06-07","johnny darter","spirit mound",0,135,0,"johnnydarter"
42,"2019-06-07","bluegill","gunderson",0,35,1,"bluegill"
43,"2019-06-06","spotfin shiner","burbank",0,0,0,"spotfinshiner"
45,"2019-06-07","black bullhead catfish","spirit mound",1,52,0,"blackbullheadcatfish"
46,"2019-06-13","johnny darter","little bridge",0,166,0,"johnnydarter"
47,"2019-06-13","black bullhead catfish","little bridge",2,16,0,"blackbullheadcatfish"
48,"2019-06-13","red shiner","burbank",0,2,0,"redshiner"
49,"2019-06-13","green sunfish","little bridge",0,7,0,"greensunfish"
50,"2019-06-14","northern pike","gunderson",1,1,0,"northernpike"
51,"2019-06-14","bluegill","gunderson",0,9,2,"bluegill"
52,"2019-06-14","largemouth bass","gunderson",3,0,2,"largemouthbass"
53,"2019-06-14","northern pike","gunderson",0,1,0,"northernpike"
54,"2019-06-13","johnny darter","little bridge",0,88,0,"johnnydarter"
55,"2019-06-14","bluegill","gunderson",0,0,0,"bluegill"
56,"2019-06-14","bluegill","gunderson",3,2,0,"bluegill"
57,"2019-06-13","spotfin shiner","burbank",0,6,0,"spotfinshiner"
58,"2019-06-13","fathead minnow","little bridge",0,1,0,"fatheadminnow"
59,"2019-06-14","largemouth bass","gunderson",2,1,0,"largemouthbass"
60,"2019-06-13","river shiner","burbank",0,0,0,"rivershiner"
61,"2019-06-13","common shiner","little bridge",0,0,0,"commonshiner"
62,"2019-06-13","red shiner","burbank",0,4,0,"redshiner"
63,"2019-06-13","fathead minnow","little bridge",0,0,0,"fatheadminnow"
64,"2019-06-13","black bullhead catfish","little bridge",0,10,0,"blackbullheadcatfish"
65,"2019-06-13","fathead minnow","little bridge",5,2,0,"fatheadminnow"
66,"2019-06-13","red shiner","burbank",0,0,0,"redshiner"
67,"2019-06-13","black bullhead catfish","little bridge",0,1,0,"blackbullheadcatfish"
68,"2019-06-13","johnny darter","little bridge",0,268,0,"johnnydarter"
69,"2019-06-14","sand shiner","spirit mound",1,0,0,"sandshiner"
70,"2019-06-21","black bullhead catfish","spirit mound",0,13,0,"blackbullheadcatfish"
71,"2019-06-20","johnny darter","little bridge",0,98,0,"johnnydarter"
72,"2019-06-21","bluegill","gunderson",0,23,0,"bluegill"
73,"2019-06-21","bluegill","gunderson",0,2,0,"bluegill"
74,"2019-06-20","creek chub","little bridge",0,6,1,"creekchub"
75,"2019-06-20","creek chub","little bridge",9,3,1,"creekchub"
76,"2019-06-07","spotfin shiner","spirit mound",0,9,0,"spotfinshiner"
77,"2019-06-20","black bullhead catfish","little bridge",0,12,1,"blackbullheadcatfish"
78,"2019-06-06","creek chub","little bridge",0,3,0,"creekchub"
79,"2019-06-06","spotfin shiner","burbank",1,0,0,"spotfinshiner"
80,"2019-06-13","black bullhead catfish","little bridge",0,2,0,"blackbullheadcatfish"
81,"2019-06-13","johnny darter","little bridge",0,3,0,"johnnydarter"
82,"2019-06-21","bluegill","gunderson",0,45,0,"bluegill"
83,"2019-06-07","creek chub","spirit mound",0,0,0,"creekchub"
84,"2019-06-13","black bullhead catfish","little bridge",0,11,0,"blackbullheadcatfish"
85,"2019-06-20","johnny darter","little bridge",0,100,0,"johnnydarter"
86,"2019-06-20","river shiner","little bridge",0,5,0,"rivershiner"
87,"2019-06-13","black bullhead catfish","little bridge",0,3,0,"blackbullheadcatfish"
88,"2019-06-21","creek chub","spirit mound",0,1,0,"creekchub"
89,"2019-06-21","spotfin shiner","gunderson",0,4,0,"spotfinshiner"
90,"2019-06-21","bluegill","gunderson",0,6,0,"bluegill"
91,"2019-06-21","bluegill","gunderson",0,30,3,"bluegill"
92,"2019-06-10","spotfin shiner","burbank",1,1,0,"spotfinshiner"
93,"2019-06-13","black bullhead catfish","little bridge",1,2,0,"blackbullheadcatfish"
94,"2019-06-13","johnny darter","little bridge",0,52,0,"johnnydarter"
95,"2019-06-13","johnny darter","little bridge",0,46,1,"johnnydarter"
96,"2019-06-10","spotfin shiner","burbank",0,2,0,"spotfinshiner"
97,"2019-06-10","red shiner","burbank",0,0,0,"redshiner"
98,"2019-06-10","river shiner","burbank",0,3,0,"rivershiner"
99,"2019-06-10","red shiner","burbank",0,1,1,"redshiner"
100,"2019-06-10","spotfin shiner","burbank",0,1,0,"spotfinshiner"
101,"2019-06-10","spotfin shiner","burbank",0,0,0,"spotfinshiner"
102,"2019-06-10","river shiner","burbank",0,1,0,"rivershiner"
103,"2019-06-10","river shiner","burbank",0,0,0,"rivershiner"
104,"2019-06-10","red shiner","burbank",0,0,0,"redshiner"
105,"2019-06-13","stickleback","little bridge",0,11,0,"stickleback"
106,"2019-06-10","common carp","burbank",0,2,0,"commoncarp"
107,"2019-06-10","red shiner","burbank",0,0,0,"redshiner"
108,"2019-06-10","spotfin shiner","burbank",0,0,0,"spotfinshiner"
109,"2019-06-14","black bullhead catfish","spirit mound",0,13,0,"blackbullheadcatfish"
110,"2019-06-14","green sunfish","spirit mound",0,4,0,"greensunfish"
111,"2019-06-14","johnny darter","spirit mound",0,96,0,"johnnydarter"
112,"2019-06-21","northern pike","gunderson",0,1,0,"northernpike"
113,"2019-06-21","spotfin shiner","gunderson",0,3,0,"spotfinshiner"
114,"2019-06-21","johnny darter","spirit mound",0,72,0,"johnnydarter"
115,"2019-06-21","fathead minnow","spirit mound",0,3,0,"fatheadminnow"
116,"2019-06-20","creek chub","little bridge",0,2,0,"creekchub"
117,"2019-06-21","bluegill","gunderson",0,22,1,"bluegill"
118,"2019-06-20","black bullhead catfish","little bridge",0,2,0,"blackbullheadcatfish"
119,"2019-06-21","black bullhead catfish","spirit mound",0,3,0,"blackbullheadcatfish"
120,"2019-06-21","creek chub","spirit mound",0,3,0,"creekchub"
121,"2019-06-20","johnny darter","little bridge",0,29,0,"johnnydarter"
122,"2019-06-21","johnny darter","spirit mound",0,180,0,"johnnydarter"
123,"2019-06-11","creek chub","spirit mound",0,1,0,"creekchub"
124,"2019-06-27","common carp","burbank",0,2,0,"commoncarp"
125,"2019-06-27","common carp","burbank",2,1,0,"commoncarp"
126,"2019-06-27","spotfin shiner","burbank",0,0,0,"spotfinshiner"
127,"2019-06-27","common carp","burbank",0,0,0,"commoncarp"
128,"2019-06-27","bigmouth buffalo","burbank",0,0,0,"bigmouthbuffalo"
129,"2019-06-27","spotfin shiner","burbank",1,2,0,"spotfinshiner"
130,"2019-06-27","spotfin shiner","burbank",0,0,0,"spotfinshiner"
131,"2019-06-27","sand shiner","little bridge",1,4,0,"sandshiner"
132,"2019-06-27","common carp","burbank",0,2,0,"commoncarp"
133,"2019-06-27","spotfin shiner","burbank",1,0,0,"spotfinshiner"
134,"2019-06-27","sand shiner","little bridge",0,5,0,"sandshiner"
135,"2019-06-27","bigmouth buffalo","burbank",0,0,0,"bigmouthbuffalo"
136,"2019-06-27","bigmouth buffalo","burbank",0,0,0,"bigmouthbuffalo"
137,"2019-06-27","bigmouth buffalo","burbank",0,2,0,"bigmouthbuffalo"
138,"2019-06-27","spotfin shiner","burbank",0,0,1,"spotfinshiner"
139,"2019-06-27","spotfin shiner","burbank",1,3,0,"spotfinshiner"
140,"2019-06-27","johnny darter","little bridge",0,19,1,"johnnydarter"
141,"2019-06-27","pumpkinseed sunfish","burbank",1,0,0,"pumpkinseedsunfish"
142,"2019-06-27","spotfin shiner","burbank",0,0,0,"spotfinshiner"
143,"2019-06-28","bluegill","gunderson",0,9,0,"bluegill"
144,"2019-06-28","bluegill","gunderson",1,83,1,"bluegill"
145,"2019-06-28","creek chub","spirit mound",1,6,0,"creekchub"
146,"2019-06-27","spotfin shiner","burbank",2,1,0,"spotfinshiner"
147,"2019-06-27","bigmouth buffalo","burbank",0,0,0,"bigmouthbuffalo"
148,"2019-06-27","creek chub","little bridge",0,1,0,"creekchub"
149,"2019-06-28","bluegill","gunderson",0,16,0,"bluegill"
150,"2019-06-20","johnny darter","little bridge",0,46,1,"johnnydarter"
152,"2019-06-20","johnny darter","little bridge",0,24,0,"johnnydarter"
153,"2019-06-20","fathead minnow","little bridge",0,5,0,"fatheadminnow"
154,"2019-06-20","johnny darter","little bridge",0,115,0,"johnnydarter"
155,"2019-06-20","black bullhead catfish","little bridge",0,34,0,"blackbullheadcatfish"
156,"2019-06-20","black bullhead catfish","little bridge",1,32,0,"blackbullheadcatfish"
157,"2019-06-20","black bullhead catfish","little bridge",2,5,0,"blackbullheadcatfish"
158,"2019-06-13","creek chub","little bridge",0,0,0,"creekchub"
159,"2019-06-21","fathead minnow","spirit mound",0,2,0,"fatheadminnow"
160,"2019-06-20","fathead minnow","little bridge",0,7,0,"fatheadminnow"
161,"2019-06-20","black bullhead catfish","little bridge",0,12,0,"blackbullheadcatfish"
162,"2019-06-20","black bullhead catfish","little bridge",0,38,1,"blackbullheadcatfish"
163,"2019-06-20","black bullhead catfish","little bridge",0,3,0,"blackbullheadcatfish"
164,"2019-06-21","creek chub","spirit mound",1,21,0,"creekchub"
165,"2019-06-14","bluegill","gunderson",2,7,0,"bluegill"
167,"2019-06-14","johnny darter","spirit mound",0,10,0,"johnnydarter"
168,"2019-06-14","creek chub","spirit mound",9,2,0,"creekchub"
169,"2019-06-14","black bullhead catfish","spirit mound",0,26,2,"blackbullheadcatfish"
170,"2019-06-14","johnny darter","spirit mound",1,31,1,"johnnydarter"
171,"2019-06-14","fathead minnow","spirit mound",0,0,0,"fatheadminnow"
172,"2019-06-27","common carp","burbank",0,0,0,"commoncarp"
173,"2019-06-27","spotfin shiner","burbank",0,0,0,"spotfinshiner"
174,"2019-06-27","spotfin shiner","burbank",0,13,0,"spotfinshiner"
175,"2019-06-27","spotfin shiner","little bridge",1,17,2,"spotfinshiner"
176,"2019-06-27","bigmouth buffalo","burbank",0,0,0,"bigmouthbuffalo"
177,"2019-06-27","spotfin shiner","burbank",0,1,2,"spotfinshiner"
178,"2019-06-27","fathead minnow","little bridge",0,2,0,"fatheadminnow"
179,"2019-06-28","bluegill","gunderson",0,10,0,"bluegill"
180,"2019-06-27","common carp","burbank",0,2,0,"commoncarp"
181,"2019-06-27","johnny darter","little bridge",0,32,0,"johnnydarter"
182,"2019-06-27","spotfin shiner","burbank",0,0,0,"spotfinshiner"
183,"2019-06-27","spotfin shiner","burbank",0,1,0,"spotfinshiner"
184,"2019-06-28","bluegill","gunderson",1,76,1,"bluegill"
185,"2019-06-28","bluegill","gunderson",0,34,0,"bluegill"
186,"2019-06-27","spotfin shiner","burbank",0,0,0,"spotfinshiner"
187,"2019-06-27","spotfin shiner","burbank",0,6,0,"spotfinshiner"
188,"2019-06-28","johnny darter","spirit mound",0,62,0,"johnnydarter"
189,"2019-06-27","spotfin shiner","burbank",0,1,2,"spotfinshiner"
190,"2019-06-27","common carp","burbank",0,0,0,"commoncarp"
191,"2019-06-27","grass pickerel","burbank",0,2,1,"grasspickerel"
192,"2019-06-27","common carp","burbank",0,2,0,"commoncarp"
193,"2019-06-27","common carp","burbank",0,32,0,"commoncarp"
194,"2019-06-27","common carp","burbank",0,1,0,"commoncarp"
195,"2019-06-27","common carp","burbank",0,7,0,"commoncarp"
196,"2019-06-28","johnny darter","spirit mound",0,17,0,"johnnydarter"
197,"2019-06-28","pumpkinseed sunfish","gunderson",0,4,0,"pumpkinseedsunfish"
198,"2019-06-28","bluegill","gunderson",0,31,0,"bluegill"
199,"2019-06-28","creek chub","spirit mound",0,5,0,"creekchub"
200,"2019-06-28","green sunfish","spirit mound",0,2,0,"greensunfish"
201,"2019-06-28","sand shiner","spirit mound",0,1,0,"sandshiner"
202,"2019-06-28","creek chub","spirit mound",1,2,0,"creekchub"
203,"2019-06-28","river shiner","spirit mound",1,9,0,"rivershiner"
205,"2019-06-28","creek chub","spirit mound",0,13,1,"creekchub"
206,"2019-06-28","bluegill","gunderson",0,10,0,"bluegill"
207,"2019-06-28","creek chub","spirit mound",11,23,0,"creekchub"
208,"2019-06-28","bluegill","gunderson",0,20,2,"bluegill"
209,"2019-06-28","bluegill","gunderson",2,35,2,"bluegill"
210,"2019-06-28","northern pike","gunderson",0,1,0,"northernpike"
211,"2019-06-27","common carp","burbank",0,0,0,"commoncarp"
212,"2019-06-28","green sunfish","spirit mound",0,2,0,"greensunfish"
213,"2019-06-28","bluegill","gunderson",0,12,1,"bluegill"
214,"2019-06-28","bluegill","gunderson",0,56,2,"bluegill"
215,"2019-06-28","green sunfish","spirit mound",0,2,0,"greensunfish"
216,"2019-06-28","green sunfish","spirit mound",0,5,0,"greensunfish"
217,"2019-06-28","green sunfish","spirit mound",0,2,0,"greensunfish"
218,"2019-06-27","bigmouth buffalo","burbank",0,0,0,"bigmouthbuffalo"
219,"2019-06-28","creek chub","spirit mound",2,2,0,"creekchub"
222,"2019-06-14","common carp","gunderson",NA,1,0,"commoncarp"
223,"2019-06-14","creek chub","spirit mound",3,1,0,"creekchub"
224,"2019-06-14","creek chub","spirit mound",NA,0,0,"creekchub"
225,"2019-06-14","creek chub","spirit mound",NA,2,0,"creekchub"
226,"2019-06-14","sand shiner","spirit mound",4,1,0,"sandshiner"
227,"2019-06-14","fathead minnow","spirit mound",NA,1,0,"fatheadminnow"
228,"2019-06-14","creek chub","spirit mound",5,0,0,"creekchub"
229,"2019-06-14","fathead minnow","spirit mound",NA,3,0,"fatheadminnow"
230,"2019-06-14","black bullhead catfish","spirit mound",NA,17,0,"blackbullheadcatfish"
231,"2019-06-14","creek chub","spirit mound",NA,8,0,"creekchub"
232,"2019-06-13","creek chub","little bridge",NA,2,0,"creekchub"
233,"2019-06-27","creek chub","little bridge",NA,0,0,"creekchub"
234,"2019-06-27","black bullhead catfish","little bridge",1,35,4,"blackbullheadcatfish"
235,"2019-06-27","black bullhead catfish","little bridge",NA,85,9,"blackbullheadcatfish"
236,"2019-06-27","sand shiner","little bridge",10,5,6,"sandshiner"
237,"2019-06-27","spotfin shiner","burbank",NA,0,0,"spotfinshiner"
238,"2019-06-27","creek chub","little bridge",10,1,0,"creekchub"
239,"2019-06-27","spotfin shiner","burbank",5,0,3,"spotfinshiner"
240,"2019-06-27","spotfin shiner","burbank",4,0,0,"spotfinshiner"
241,"2019-06-27","creek chub","little bridge",1,1,0,"creekchub"
242,"2019-06-27","fathead minnow","little bridge",1,9,0,"fatheadminnow"
243,"2019-06-28","fathead minnow","spirit mound",0,10,0,"fatheadminnow"
244,"2019-06-28","creek chub","spirit mound",6,23,1,"creekchub"
245,"2019-06-27","creek chub","little bridge",1,3,0,"creekchub"
246,"2019-06-28","bluegill","gunderson",0,10,0,"bluegill"
247,"2019-06-28","green sunfish","spirit mound",0,2,0,"greensunfish"
248,"2019-06-27","black bullhead catfish","little bridge",3,128,7,"blackbullheadcatfish"
249,"2019-06-27","creek chub","little bridge",0,1,0,"creekchub"
250,"2019-06-27","creek chub","little bridge",2,0,0,"creekchub"
251,"2019-06-27","johnny darter","little bridge",0,7,0,"johnnydarter"
252,"2019-06-27","creek chub","little bridge",0,0,0,"creekchub"
253,"2019-06-28","creek chub","spirit mound",1,1,0,"creekchub"
254,"2019-06-28","northern pike","gunderson",0,1,0,"northernpike"
255,"2019-06-27","black bullhead catfish","little bridge",0,6,4,"blackbullheadcatfish"
256,"2019-06-28","creek chub","spirit mound",2,1,0,"creekchub"
257,"2019-06-28","green sunfish","spirit mound",0,0,0,"greensunfish"
258,"2019-06-28","creek chub","spirit mound",0,10,0,"creekchub"
259,"2019-06-28","creek chub","spirit mound",1,2,0,"creekchub"
260,"2019-06-28","bluegill","gunderson",0,32,1,"bluegill"
261,"2019-06-28","bluegill","gunderson",0,8,0,"bluegill"
262,"2019-06-28","fathead minnow","spirit mound",0,6,0,"fatheadminnow"
263,"2019-06-28","green sunfish","spirit mound",0,2,0,"greensunfish"
264,"2019-06-28","johnny darter","spirit mound",0,30,0,"johnnydarter"
265,"2019-06-28","walleye","gunderson",0,0,0,"walleye"
266,"2019-06-14","fathead minnow","spirit mound",0,0,0,"fatheadminnow"
267,"2019-06-27","bigmouth buffalo","burbank",0,0,0,"bigmouthbuffalo"
268,"2019-07-10","common carp","burbank",0,0,0,"commoncarp"
269,"2019-07-10","bigmouth buffalo","spirit mound",0,0,0,"bigmouthbuffalo"
270,"2019-07-10","spotfin shiner","burbank",1,0,1,"spotfinshiner"
271,"2019-07-10","creek chub","little bridge",0,2,0,"creekchub"
272,"2019-07-10","johnny darter","little bridge",0,4,0,"johnnydarter"
273,"2019-07-10","black bullhead catfish","spirit mound",0,1,0,"blackbullheadcatfish"
274,"2019-07-10","creek chub","little bridge",0,1,0,"creekchub"
275,"2019-07-10","bigmouth buffalo","little bridge",0,0,0,"bigmouthbuffalo"
276,"2019-07-10","common carp","burbank",0,0,1,"commoncarp"
277,"2019-07-10","johnny darter","little bridge",0,0,0,"johnnydarter"
278,"2019-07-10","bigmouth buffalo","little bridge",0,0,0,"bigmouthbuffalo"
279,"2019-07-10","creek chub","spirit mound",0,2,0,"creekchub"
280,"2019-07-10","creek chub","little bridge",1,2,0,"creekchub"
281,"2019-07-10","johnny darter","little bridge",0,6,0,"johnnydarter"
282,"2019-07-10","bigmouth buffalo","spirit mound",0,0,0,"bigmouthbuffalo"
283,"2019-07-10","common shiner","little bridge",0,0,0,"commonshiner"
284,"2019-07-10","common carp","little bridge",0,5,0,"commoncarp"
285,"2019-07-10","creek chub","spirit mound",0,1,0,"creekchub"
286,"2019-07-10","black bullhead catfish","spirit mound",0,5,0,"blackbullheadcatfish"
287,"2019-07-10","green sunfish","little bridge",1,2,0,"greensunfish"
288,"2019-07-10","fathead minnow","little bridge",0,0,0,"fatheadminnow"
289,"2019-07-10","bigmouth buffalo","spirit mound",0,3,0,"bigmouthbuffalo"
290,"2019-07-10","bigmouth buffalo","spirit mound",0,1,0,"bigmouthbuffalo"
291,"2019-07-10","common shiner","spirit mound",0,13,0,"commonshiner"
292,"2019-07-10","common shiner","little bridge",0,3,0,"commonshiner"
293,"2019-07-10","bigmouth buffalo","spirit mound",0,1,0,"bigmouthbuffalo"
294,"2019-07-10","green sunfish","little bridge",0,0,0,"greensunfish"
295,"2019-07-10","common shiner","spirit mound",NA,1,0,"commonshiner"
296,"2019-07-10","bigmouth buffalo","spirit mound",0,3,0,"bigmouthbuffalo"
297,"2019-07-10","bigmouth buffalo","little bridge",0,0,0,"bigmouthbuffalo"
298,"2019-07-10","bigmouth buffalo","spirit mound",0,0,0,"bigmouthbuffalo"
299,"2019-07-10","fathead minnow","little bridge",0,1,0,"fatheadminnow"
300,"2019-07-10","johnny darter","little bridge",0,0,0,"johnnydarter"
301,"2019-07-10","fathead minnow","little bridge",1,4,1,"fatheadminnow"
302,"2019-07-10","bluegill","spirit mound",0,0,0,"bluegill"
303,"2019-07-10","black bullhead catfish","little bridge",0,41,0,"blackbullheadcatfish"
304,"2019-07-10","sand shiner","little bridge",0,0,0,"sandshiner"
305,"2019-07-17","bigmouth buffalo","burbank",0,0,0,"bigmouthbuffalo"
306,"2019-07-17","bigmouth buffalo","burbank",0,0,0,"bigmouthbuffalo"
307,"2019-07-17","bluegill","gunderson",0,2,0,"bluegill"
308,"2019-07-17","bigmouth buffalo","gunderson",0,0,0,"bigmouthbuffalo"
309,"2019-07-17","bigmouth buffalo","burbank",0,0,0,"bigmouthbuffalo"
310,"2019-07-17","bigmouth buffalo","burbank",0,0,0,"bigmouthbuffalo"
311,"2019-07-17","smallmouth buffalo","burbank",0,0,0,"smallmouthbuffalo"
312,"2019-07-17","common carp","burbank",0,1,0,"commoncarp"
313,"2019-07-17","fathead minnow","burbank",0,2,0,"fatheadminnow"
314,"2019-07-17","spotfin shiner","gunderson",0,0,0,"spotfinshiner"
315,"2019-07-17","common carp","burbank",0,2,0,"commoncarp"
316,"2019-07-17","common carp","burbank",0,6,0,"commoncarp"
317,"2019-07-17","bluegill","burbank",0,0,0,"bluegill"
318,"2019-07-17","creek chub","spirit mound",0,3,1,"creekchub"
319,"2019-07-17","smallmouth buffalo","burbank",0,5,0,"smallmouthbuffalo"
320,"2019-07-17","bigmouth buffalo","gunderson",0,1,0,"bigmouthbuffalo"
321,"2019-07-17","bluegill","gunderson",3,22,0,"bluegill"
322,"2019-07-10","bigmouth buffalo","spirit mound",0,3,0,"bigmouthbuffalo"
323,"2019-07-17","bigmouth buffalo","burbank",0,1,0,"bigmouthbuffalo"
324,"2019-07-17","common carp","burbank",0,1,0,"commoncarp"
325,"2019-07-17","bigmouth buffalo","burbank",0,2,0,"bigmouthbuffalo"
326,"2019-07-10","common shiner","spirit mound",1,9,2,"commonshiner"
327,"2019-07-17","smallmouth buffalo","burbank",0,1,0,"smallmouthbuffalo"
328,"2019-07-17","common carp","burbank",0,1,0,"commoncarp"
329,"2019-07-10","common shiner","little bridge",0,0,0,"commonshiner"
330,"2019-07-17","smallmouth buffalo","burbank",0,0,0,"smallmouthbuffalo"
331,"2019-07-17","bigmouth buffalo","burbank",0,2,0,"bigmouthbuffalo"
332,"2019-07-17","common carp","burbank",0,3,0,"commoncarp"
333,"2019-07-17","bluegill","burbank",0,8,0,"bluegill"
334,"2019-07-10","common shiner","spirit mound",1,9,0,"commonshiner"
335,"2019-07-10","bigmouth buffalo","little bridge",0,2,0,"bigmouthbuffalo"
336,"2019-07-25","johnny darter","little bridge",1,0,0,"johnnydarter"
337,"2019-07-25","johnny darter","little bridge",0,2,0,"johnnydarter"
338,"2019-07-25","johnny darter","little bridge",0,2,0,"johnnydarter"
339,"2019-07-25","johnny darter","little bridge",0,6,0,"johnnydarter"
340,"2019-07-25","johnny darter","little bridge",0,0,0,"johnnydarter"
341,"2019-07-17","common carp","burbank",0,7,0,"commoncarp"
342,"2019-07-10","common carp","little bridge",0,5,0,"commoncarp"
343,"2019-07-25","smallmouth buffalo","little bridge",0,10,0,"smallmouthbuffalo"
344,"2019-07-25","creek chub","little bridge",0,5,0,"creekchub"
345,"2019-07-25","bigmouth buffalo","little bridge",0,8,0,"bigmouthbuffalo"
346,"2019-07-25","common shiner","little bridge",0,3,0,"commonshiner"
347,"2019-07-25","common carp","little bridge",0,4,0,"commoncarp"
348,"2019-07-10","common shiner","spirit mound",0,10,0,"commonshiner"
349,"2019-07-25","creek chub","little bridge",0,0,0,"creekchub"
350,"2019-07-25","smallmouth buffalo","little bridge",0,11,0,"smallmouthbuffalo"
351,"2019-07-25","creek chub","little bridge",0,2,0,"creekchub"
352,"2019-07-25","common shiner","little bridge",0,10,0,"commonshiner"
353,"2019-07-25","creek chub","little bridge",0,16,0,"creekchub"
354,"2019-07-25","black bullhead catfish","burbank",0,25,0,"blackbullheadcatfish"
355,"2019-07-10","gar","burbank",0,0,0,"gar"
356,"2019-07-17","bigmouth buffalo","burbank",0,0,0,"bigmouthbuffalo"
357,"2019-07-10","common carp","little bridge",0,0,0,"commoncarp"
358,"2019-07-10","bigmouth buffalo","little bridge",0,0,0,"bigmouthbuffalo"
359,"2019-07-10","bigmouth buffalo","spirit mound",0,4,0,"bigmouthbuffalo"
360,"2019-07-10","creek chub","little bridge",0,6,1,"creekchub"
361,"2019-07-10","green sunfish","little bridge",0,0,0,"greensunfish"
362,"2019-07-10","common carp","spirit mound",0,1,0,"commoncarp"
363,"2019-07-10","bigmouth buffalo","little bridge",0,3,0,"bigmouthbuffalo"
364,"2019-07-10","bigmouth buffalo","spirit mound",0,2,0,"bigmouthbuffalo"
365,"2019-07-10","creek chub","little bridge",1,5,0,"creekchub"
366,"2019-07-17","spotfin shiner","gunderson",0,0,0,"spotfinshiner"
367,"2019-07-10","common carp","spirit mound",0,1,0,"commoncarp"
368,"2019-07-10","fathead minnow","little bridge",0,0,0,"fatheadminnow"
369,"2019-07-10","common carp","little bridge",0,2,0,"commoncarp"
370,"2019-07-10","creek chub","little bridge",0,1,0,"creekchub"
371,"2019-07-10","bigmouth buffalo","burbank",0,0,0,"bigmouthbuffalo"
372,"2019-07-10","bigmouth buffalo","spirit mound",0,0,0,"bigmouthbuffalo"
373,"2019-07-10","bigmouth buffalo","burbank",0,0,0,"bigmouthbuffalo"
374,"2019-07-10","bigmouth buffalo","burbank",0,0,0,"bigmouthbuffalo"
375,"2019-07-10","black bullhead catfish","little bridge",0,13,0,"blackbullheadcatfish"
376,"2019-07-10","bigmouth buffalo","burbank",0,0,0,"bigmouthbuffalo"
377,"2019-07-10","bluegill","gunderson",0,15,0,"bluegill"
378,"2019-07-10","common carp","little bridge",0,5,0,"commoncarp"
379,"2019-07-17","red shiner","gunderson",0,3,0,"redshiner"
380,"2019-07-10","bigmouth buffalo","burbank",0,0,0,"bigmouthbuffalo"
381,"2019-07-10","common carp","burbank",0,6,0,"commoncarp"
382,"2019-07-10","bigmouth buffalo","burbank",0,0,0,"bigmouthbuffalo"
383,"2019-07-10","creek chub","little bridge",0,3,0,"creekchub"
384,"2019-07-10","bigmouth buffalo","burbank",0,0,0,"bigmouthbuffalo"
385,"2019-07-10","red shiner","burbank",0,0,0,"redshiner"
386,"2019-07-10","fathead minnow","spirit mound",0,0,0,"fatheadminnow"
387,"2019-07-10","bigmouth buffalo","little bridge",0,0,0,"bigmouthbuffalo"
388,"2019-07-17","pumpkinseed sunfish","burbank",0,0,0,"pumpkinseedsunfish"
389,"2019-07-10","bigmouth buffalo","burbank",0,0,0,"bigmouthbuffalo"
390,"2019-07-10","bigmouth buffalo","little bridge",0,2,0,"bigmouthbuffalo"
391,"2019-07-10","common carp","burbank",0,0,0,"commoncarp"
392,"2019-07-10","common shiner","spirit mound",0,4,0,"commonshiner"
393,"2019-07-10","bigmouth buffalo","burbank",0,0,0,"bigmouthbuffalo"
394,"2019-07-10","bigmouth buffalo","little bridge",0,1,0,"bigmouthbuffalo"
395,"2019-07-10","bigmouth buffalo","burbank",0,0,0,"bigmouthbuffalo"
396,"2019-07-10","common shiner","spirit mound",1,1,0,"commonshiner"
397,"2019-07-10","common carp","spirit mound",1,19,0,"commoncarp"
398,"2019-07-25","johnny darter","little bridge",0,3,0,"johnnydarter"
399,"2019-07-25","common carp","little bridge",0,3,0,"commoncarp"
400,"2019-07-25","common carp","little bridge",0,2,0,"commoncarp"
401,"2019-07-25","common shiner","little bridge",0,5,0,"commonshiner"
402,"2019-07-19","fathead minnow","little bridge",0,2,0,"fatheadminnow"
403,"2019-07-10","red shiner","burbank",0,0,0,"redshiner"
404,"2019-07-10","gar","gunderson",0,0,0,"gar"
405,"2019-07-25","common shiner","little bridge",0,2,0,"commonshiner"
406,"2019-07-10","bigmouth buffalo","burbank",0,0,0,"bigmouthbuffalo"
407,"2019-07-25","common shiner","little bridge",0,2,0,"commonshiner"
408,"2019-07-25","smallmouth buffalo","little bridge",0,1,0,"smallmouthbuffalo"
409,"2019-07-10","bigmouth buffalo","burbank",0,1,0,"bigmouthbuffalo"
410,"2019-07-25","bigmouth buffalo","burbank",0,2,0,"bigmouthbuffalo"
411,"2019-07-25","common carp","burbank",0,0,0,"commoncarp"
412,"2019-07-25","grass pickerel","burbank",0,0,0,"grasspickerel"
413,"2019-07-25","common carp","burbank",0,0,0,"commoncarp"
414,"2019-07-25","common carp","burbank",0,0,0,"commoncarp"
415,"2019-07-25","black bullhead catfish","burbank",0,68,0,"blackbullheadcatfish"
416,"2019-07-25","bigmouth buffalo","burbank",0,0,0,"bigmouthbuffalo"
417,"2019-07-25","common carp","burbank",0,7,0,"commoncarp"
418,"2019-07-25","common carp","burbank",0,0,0,"commoncarp"
419,"2019-07-25","common carp","burbank",0,0,0,"commoncarp"
420,"2019-07-25","black bullhead catfish","burbank",0,39,0,"blackbullheadcatfish"
421,"2019-07-25","common carp","burbank",0,0,0,"commoncarp"
422,"2019-07-25","bigmouth buffalo","burbank",0,1,0,"bigmouthbuffalo"
423,"2019-07-25","bigmouth buffalo","burbank",0,3,0,"bigmouthbuffalo"
424,"2019-07-25","bigmouth buffalo","burbank",0,2,0,"bigmouthbuffalo"
425,"2019-07-25","johnny darter","little bridge",0,1,0,"johnnydarter"
426,"2019-07-17","black bullhead catfish","burbank",0,85,4,"blackbullheadcatfish"
427,"2019-07-10","black bullhead catfish","little bridge",0,36,1,"blackbullheadcatfish"
428,"2019-07-17","bluegill","gunderson",1,8,0,"bluegill"
429,"2019-07-17","black bullhead catfish","burbank",1,128,5,"blackbullheadcatfish"
430,"2019-07-17","creek chub","little bridge",0,1,0,"creekchub"
431,"2019-07-10","spotfin shiner","burbank",1,0,0,"spotfinshiner"
432,"2019-07-17","spotfin shiner","gunderson",1,2,0,"spotfinshiner"
433,"2019-07-10","bluegill","gunderson",9,61,2,"bluegill"
434,"2019-07-10","bluegill","gunderson",7,30,0,"bluegill"
435,"2019-07-10","common shiner","little bridge",0,3,0,"commonshiner"
436,"2019-07-10","creek chub","little bridge",0,0,0,"creekchub"
437,"2019-07-10","bluegill","gunderson",4,4,0,"bluegill"
438,"2019-07-10","creek chub","little bridge",0,0,0,"creekchub"
439,"2019-07-10","black bullhead catfish","little bridge",4,15,3,"blackbullheadcatfish"
440,"2019-07-10","common shiner","little bridge",5,2,0,"commonshiner"
441,"2019-07-10","black bullhead catfish","little bridge",1,24,1,"blackbullheadcatfish"
442,"2019-07-25","black bullhead catfish","little bridge",1,4,3,"blackbullheadcatfish"
443,"2019-07-10","bluegill","gunderson",2,17,2,"bluegill"
444,"2019-07-25","common shiner","little bridge",4,1,0,"commonshiner"
445,"2019-07-10","creek chub","little bridge",0,1,0,"creekchub"
446,"2019-07-10","bluegill","gunderson",3,16,1,"bluegill"
447,"2019-07-10","bluegill","gunderson",2,18,1,"bluegill"
448,"2019-07-17","common carp","burbank",0,0,0,"commoncarp"
449,"2019-07-10","creek chub","little bridge",1,2,0,"creekchub"
450,"2019-07-25","common shiner","little bridge",16,2,0,"commonshiner"
451,"2019-07-10","bluegill","gunderson",2,7,1,"bluegill"
452,"2019-07-10","black bullhead catfish","little bridge",1,48,1,"blackbullheadcatfish"
453,"2019-07-25","common shiner","little bridge",9,6,0,"commonshiner"
454,"2019-07-10","black bullhead catfish","little bridge",1,6,0,"blackbullheadcatfish"
455,"2019-07-10","black bullhead catfish","little bridge",2,298,10,"blackbullheadcatfish"
456,"2019-07-10","black bullhead catfish","little bridge",5,39,7,"blackbullheadcatfish"
457,"2019-07-25","creek chub","little bridge",0,17,0,"creekchub"
458,"2019-07-10","bigmouth buffalo","spirit mound",2,6,0,"bigmouthbuffalo"
459,"2019-07-10","bluegill","gunderson",0,1,0,"bluegill"
460,"2019-07-10","pumpkinseed sunfish","gunderson",0,6,1,"pumpkinseedsunfish"
461,"2019-07-25","black bullhead catfish","little bridge",4,7,0,"blackbullheadcatfish"
462,"2019-07-25","common shiner","little bridge",0,1,0,"commonshiner"
463,"2019-07-10","bluegill","gunderson",4,20,0,"bluegill"
464,"2019-07-10","bluegill","gunderson",11,8,0,"bluegill"
465,"2019-07-25","black bullhead catfish","burbank",0,15,1,"blackbullheadcatfish"
466,"2019-07-25","black bullhead catfish","little bridge",1,5,0,"blackbullheadcatfish"
467,"2019-07-10","bluegill","gunderson",4,1,0,"bluegill"
468,"2019-07-25","black bullhead catfish","burbank",1,41,0,"blackbullheadcatfish"
469,"2019-07-10","bluegill","gunderson",1,3,1,"bluegill"
470,"2019-07-25","black bullhead catfish","burbank",2,49,2,"blackbullheadcatfish"
471,"2019-07-25","black bullhead catfish","burbank",0,28,1,"blackbullheadcatfish"
472,"2019-07-25","black bullhead catfish","burbank",2,13,0,"blackbullheadcatfish"
473,"2019-07-25","creek chub","little bridge",3,0,0,"creekchub"
474,"2019-07-25","black bullhead catfish","burbank",4,43,2,"blackbullheadcatfish"
475,"2019-07-25","black bullhead catfish","burbank",1,23,1,"blackbullheadcatfish"
476,"2019-07-25","bigmouth buffalo","burbank",0,0,0,"bigmouthbuffalo"
477,"2019-07-25","johnny darter","little bridge",0,1,0,"johnnydarter"
478,"2019-07-25","grass pickerel","burbank",0,0,0,"grasspickerel"
479,"2019-07-25","grass pickerel","burbank",0,0,0,"grasspickerel"
480,"2019-07-25","johnny darter","little bridge",0,0,0,"johnnydarter"
481,"2019-07-25","bigmouth buffalo","burbank",0,0,0,"bigmouthbuffalo"
482,"2019-07-25","bigmouth buffalo","burbank",0,0,0,"bigmouthbuffalo"
483,"2019-07-25","grass pickerel","burbank",0,1,0,"grasspickerel"
484,"2019-07-25","johnny darter","little bridge",0,4,0,"johnnydarter"
485,"2019-07-25","grass pickerel","burbank",0,3,0,"grasspickerel"
486,"2019-07-25","bigmouth buffalo","burbank",0,2,0,"bigmouthbuffalo"
487,"2019-07-25","johnny darter","little bridge",0,1,0,"johnnydarter"
488,"2019-07-25","creek chub","little bridge",0,4,0,"creekchub"
489,"2019-07-25","black bullhead catfish","burbank",2,59,1,"blackbullheadcatfish"
490,"2019-07-19","bigmouth buffalo","little bridge",0,5,1,"bigmouthbuffalo"
491,"2019-07-19","johnny darter","little bridge",0,7,0,"johnnydarter"
492,"2019-07-19","johnny darter","little bridge",0,1,0,"johnnydarter"
493,"2019-07-19","bigmouth buffalo","spirit mound",0,0,0,"bigmouthbuffalo"
494,"2019-07-19","johnny darter","little bridge",0,1,0,"johnnydarter"
495,"2019-07-19","johnny darter","little bridge",0,0,0,"johnnydarter"
496,"2019-07-25","creek chub","little bridge",0,6,0,"creekchub"
497,"2019-07-19","smallmouth buffalo","little bridge",0,2,0,"smallmouthbuffalo"
498,"2019-07-19","johnny darter","spirit mound",0,0,0,"johnnydarter"
499,"2019-07-10","creek chub","spirit mound",0,1,0,"creekchub"
500,"2019-07-25","black bullhead catfish","little bridge",1,17,0,"blackbullheadcatfish"
501,"2019-07-25","johnny darter","little bridge",0,1,0,"johnnydarter"
502,"2019-07-19","common carp","little bridge",0,1,0,"commoncarp"
503,"2019-07-19","johnny darter","little bridge",0,3,0,"johnnydarter"
504,"2019-07-19","johnny darter","little bridge",0,0,0,"johnnydarter"
505,"2019-07-19","johnny darter","little bridge",0,0,0,"johnnydarter"
506,"2019-07-19","johnny darter","spirit mound",0,1,0,"johnnydarter"
507,"2019-07-19","bigmouth buffalo","little bridge",0,0,0,"bigmouthbuffalo"
508,"2019-07-26","johnny darter","spirit mound",0,26,0,"johnnydarter"
509,"2019-07-26","johnny darter","spirit mound",0,1,0,"johnnydarter"
510,"2019-07-26","creek chub","little bridge",0,0,0,"creekchub"
511,"2019-07-19","johnny darter","spirit mound",0,0,0,"johnnydarter"
512,"2019-07-19","johnny darter","little bridge",0,4,0,"johnnydarter"
513,"2019-07-19","creek chub","spirit mound",0,0,0,"creekchub"
514,"2019-07-19","johnny darter","little bridge",0,6,0,"johnnydarter"
515,"2019-07-19","johnny darter","spirit mound",0,7,0,"johnnydarter"
516,"2019-07-19","johnny darter","little bridge",0,6,0,"johnnydarter"
517,"2019-07-19","bigmouth buffalo","little bridge",0,1,0,"bigmouthbuffalo"
518,"2019-07-26","common carp","spirit mound",0,1,0,"commoncarp"
519,"2019-07-26","johnny darter","little bridge",0,3,0,"johnnydarter"
520,"2019-07-26","johnny darter","spirit mound",0,5,0,"johnnydarter"
521,"2019-07-19","johnny darter","spirit mound",0,25,0,"johnnydarter"
522,"2019-07-19","creek chub","little bridge",0,3,0,"creekchub"
523,"2019-07-19","green sunfish","spirit mound",0,0,0,"greensunfish"
524,"2019-07-19","smallmouth buffalo","spirit mound",0,0,0,"smallmouthbuffalo"
525,"2019-07-19","smallmouth buffalo","little bridge",0,4,0,"smallmouthbuffalo"
526,"2019-07-19","creek chub","little bridge",1,0,0,"creekchub"
527,"2019-07-19","bigmouth buffalo","little bridge",0,2,0,"bigmouthbuffalo"
528,"2019-07-19","fathead minnow","little bridge",0,5,0,"fatheadminnow"
529,"2019-07-19","bigmouth buffalo","little bridge",0,0,0,"bigmouthbuffalo"
530,"2019-07-19","bigmouth buffalo","little bridge",0,2,0,"bigmouthbuffalo"
531,"2019-07-19","green sunfish","spirit mound",0,1,0,"greensunfish"
532,"2019-07-19","johnny darter","little bridge",0,0,0,"johnnydarter"
533,"2019-07-19","smallmouth buffalo","little bridge",0,2,0,"smallmouthbuffalo"
534,"2019-07-26","bigmouth buffalo","spirit mound",0,1,0,"bigmouthbuffalo"
536,"2019-07-26","common carp","spirit mound",0,0,0,"commoncarp"
537,"2019-07-26","johnny darter","spirit mound",0,3,0,"johnnydarter"
538,"2019-07-26","johnny darter","spirit mound",0,4,0,"johnnydarter"
539,"2019-07-26","smallmouth buffalo","gunderson",3,2,0,"smallmouthbuffalo"
540,"2019-07-19","johnny darter","little bridge",0,0,0,"johnnydarter"
541,"2019-07-10","bigmouth buffalo","little bridge",0,0,0,"bigmouthbuffalo"
542,"2019-07-19","bigmouth buffalo","spirit mound",0,0,0,"bigmouthbuffalo"
543,"2019-07-26","bluegill","gunderson",3,21,0,"bluegill"
544,"2019-07-19","johnny darter","little bridge",0,2,0,"johnnydarter"
545,"2019-07-19","common carp","little bridge",0,3,0,"commoncarp"
546,"2019-07-26","fathead minnow","spirit mound",0,3,0,"fatheadminnow"
547,"2019-07-26","johnny darter","spirit mound",0,7,0,"johnnydarter"
548,"2019-07-17","creek chub","spirit mound",0,1,0,"creekchub"
549,"2019-07-19","common shiner","little bridge",1,0,0,"commonshiner"
550,"2019-07-26","johnny darter","spirit mound",0,0,0,"johnnydarter"
551,"2019-07-26","creek chub","spirit mound",0,0,0,"creekchub"
552,"2019-07-26","creek chub","spirit mound",0,0,0,"creekchub"
553,"2019-07-26","johnny darter","spirit mound",0,15,0,"johnnydarter"
554,"2019-07-26","creek chub","spirit mound",0,0,0,"creekchub"
556,"2019-07-26","smallmouth buffalo","spirit mound",0,0,0,"smallmouthbuffalo"
557,"2019-07-25","johnny darter","little bridge",0,14,0,"johnnydarter"
558,"2019-07-26","creek chub","spirit mound",1,0,0,"creekchub"
559,"2019-07-26","creek chub","spirit mound",0,0,0,"creekchub"
560,"2019-07-26","johnny darter","spirit mound",0,1,0,"johnnydarter"
561,"2019-07-26","bigmouth buffalo","spirit mound",0,2,0,"bigmouthbuffalo"
562,"2019-07-26","bigmouth buffalo","spirit mound",0,0,0,"bigmouthbuffalo"
563,"2019-07-26","smallmouth buffalo","gunderson",6,0,0,"smallmouthbuffalo"
564,"2019-07-19","creek chub","little bridge",1,1,0,"creekchub"
565,"2019-07-10","bluegill","gunderson",1,73,0,"bluegill"
566,"2019-07-19","fathead minnow","little bridge",0,1,0,"fatheadminnow"
567,"2019-07-25","black bullhead catfish","burbank",1,9,1,"blackbullheadcatfish"
568,"2019-07-25","common shiner","little bridge",4,3,0,"commonshiner"
569,"2019-07-26","green sunfish","spirit mound",2,0,0,"greensunfish"
570,"2019-07-26","creek chub","spirit mound",1,0,0,"creekchub"
571,"2019-07-26","green sunfish","spirit mound",3,10,0,"greensunfish"
572,"2019-07-19","creek chub","spirit mound",0,0,0,"creekchub"
573,"2019-07-19","creek chub","spirit mound",1,0,0,"creekchub"
574,"2019-07-26","smallmouth bass","gunderson",1,0,0,"smallmouthbass"
575,"2019-07-26","bluegill","gunderson",0,6,1,"bluegill"
576,"2019-07-19","creek chub","little bridge",2,0,0,"creekchub"
577,"2019-07-26","creek chub","spirit mound",0,5,0,"creekchub"
578,"2019-07-26","creek chub","spirit mound",0,1,0,"creekchub"
579,"2019-07-19","fathead minnow","spirit mound",0,8,0,"fatheadminnow"
580,"2019-07-26","creek chub","spirit mound",0,0,0,"creekchub"
581,"2019-07-26","bluegill","gunderson",5,14,0,"bluegill"
582,"2019-07-26","common carp","spirit mound",0,2,0,"commoncarp"
583,"2019-07-26","creek chub","spirit mound",0,0,0,"creekchub"
584,"2019-07-26","fathead minnow","spirit mound",0,2,0,"fatheadminnow"
585,"2019-07-26","bluegill","gunderson",7,7,0,"bluegill"
586,"2019-07-26","creek chub","spirit mound",2,2,0,"creekchub"
587,"2019-07-26","bluegill","gunderson",3,0,1,"bluegill"
588,"2019-07-19","green sunfish","little bridge",0,1,0,"greensunfish"
589,"2019-07-26","bluegill","gunderson",8,61,1,"bluegill"
590,"2019-07-26","green sunfish","spirit mound",0,6,2,"greensunfish"
591,"2019-07-19","creek chub","spirit mound",2,3,0,"creekchub"
592,"2019-07-26","bluegill","gunderson",8,54,0,"bluegill"
593,"2019-07-19","green sunfish","little bridge",12,5,0,"greensunfish"
594,"2019-07-19","green sunfish","spirit mound",1,10,25,"greensunfish"
595,"2019-07-19","creek chub","spirit mound",0,1,0,"creekchub"
596,"2019-07-19","green sunfish","little bridge",1,2,0,"greensunfish"
597,"2019-07-19","black bullhead catfish","little bridge",0,35,0,"blackbullheadcatfish"
598,"2019-07-19","creek chub","spirit mound",1,0,0,"creekchub"
599,"2019-07-19","common shiner","spirit mound",19,3,0,"commonshiner"
600,"2019-07-19","common shiner","little bridge",2,1,0,"commonshiner"
601,"2019-07-19","creek chub","spirit mound",1,1,0,"creekchub"
602,"2019-07-19","creek chub","spirit mound",0,4,0,"creekchub"
603,"2019-07-19","common shiner","spirit mound",15,5,0,"commonshiner"
604,"2019-07-19","black bullhead catfish","little bridge",0,9,0,"blackbullheadcatfish"
605,"2019-07-19","creek chub","spirit mound",0,0,0,"creekchub"
606,"2019-06-07","black bullhead catfish","spirit mound",0,5,1,"blackbullheadcatfish"
607,"2019-06-06","johnny darter","little bridge",0,23,0,"johnnydarter"
608,"2019-06-07","creek chub","spirit mound",1,0,0,"creekchub"
609,"2019-06-05","bluegill","gunderson",2,107,0,"bluegill"
610,"2019-06-06","creek chub","little bridge",0,1,0,"creekchub"
611,"2019-06-06","green sunfish","burbank",0,10,0,"greensunfish"
612,"2019-06-06","spotfin shiner","burbank",1,0,0,"spotfinshiner"
613,"2019-06-06","creek chub","little bridge",0,0,0,"creekchub"
614,"2019-06-06","spotfin shiner","burbank",1,0,0,"spotfinshiner"
615,"2019-06-06","fathead minnow","little bridge",0,1,0,"fatheadminnow"
616,"2019-06-06","fathead minnow","little bridge",7,8,1,"fatheadminnow"
617,"2019-06-06","sand shiner","little bridge",11,2,0,"sandshiner"
