sample_id,site,date,fish,length_mm,pic_1,pic_2
242,little bridge,6/27/2019,fathead minnow,44,,
239,burbank,6/27/2019,spotfin shiner,48,002.jpeg,003.jpeg
237,burbank,6/27/2019,spotfin shiner,41,004.jpeg,005.jpeg
126,burbank,6/27/2019,spotfin shiner,40,,
1,burbank,6/4/2019,gar,63,,
2,gunderson,6/5/2019,bluegill,53,,
3,gunderson,6/5/2019,bluegill,68,,
4,burbank,6/6/2019,black bullhead catfish,77,,
5,spirit mound,6/7/2019,johnny darter,48,,
6,gunderson,6/5/2019,bluegill,55,033.jpeg,NA
7,little bridge,6/6/2019,black bullhead catfish,100,,
8,gunderson,6/5/2019,bluegill,79,024.jpeg,NA
9,little bridge,6/6/2019,sand shiner,51,,
10,gunderson,6/5/2019,black bullhead catfish,71,,
11,spirit mound,6/7/2019,johnny darter,56,,
12,burbank,6/6/2019,spotfin shiner,59,,
13,burbank,6/6/2019,spotfin shiner,47,,
14,burbank,6/6/2019,spotfin shiner,64,,
15,gunderson,6/7/2019,river shiner,62,042.jpeg,043.jpeg
16,spirit mound,6/7/2019,creek chub,109,,
18,little bridge,6/6/2019,black bullhead catfish,70,,
20,burbank,6/6/2019,spotfin shiner,58,,
21,spirit mound,6/7/2019,creek chub,58,,
22,little bridge,6/6/2019,creek chub,105,,
23,burbank,6/6/2019,spotfin shiner,53,,
24,gunderson,6/7/2019,river shiner,42,,
25,little bridge,6/6/2019,green sunfish,41,,
26,gunderson,6/7/2019,bluegill,47,,
27,spirit mound,6/7/2019,johnny darter,54,,
28,burbank,6/6/2019,spotfin shiner,47,,
29,spirit mound,6/7/2019,sand shiner,58,,
30,spirit mound,6/7/2019,creek chub,87,,
31,burbank,6/6/2019,spotfin shiner,43,,
32,burbank,6/6/2019,spotfin shiner,57,,
33,burbank,6/6/2019,spotfin shiner,45,,
34,spirit mound,6/7/2019,creek chub,69,,
35,spirit mound,6/7/2019,creek chub,97,,
36,little bridge,6/6/2019,black bullhead catfish,92,,
37,spirit mound,6/7/2019,sand shiner,56,,
38,spirit mound,6/7/2019,johnny darter,56,,
39,spirit mound,6/7/2019,fathead minnow,47,,
40,spirit mound,6/7/2019,johnny darter,47,,
42,gunderson,6/7/2019,bluegill,49,,
43,burbank,6/6/2019,spotfin shiner,62,,
45,spirit mound,6/7/2019,black bullhead catfish,79,,
46,little bridge,6/13/2019,johnny darter,44,,
47,little bridge,6/13/2019,black bullhead catfish,94,,
48,burbank,6/13/2019,red shiner,44,,
49,little bridge,6/13/2019,green sunfish,42,,
50,gunderson,6/14/2019,northern pike,88,,
51,gunderson,6/14/2019,bluegill,54,,
52,gunderson,6/14/2019,largemouth bass,150,,
53,gunderson,6/14/2019,northern pike,65,,
54,little bridge,6/13/2019,johnny darter,50,,
55,gunderson,6/14/2019,bluegill,120,,
56,gunderson,6/14/2019,bluegill,91,,
57,burbank,6/13/2019,spotfin shiner,49,,
58,little bridge,6/13/2019,fathead minnow,4,,
59,gunderson,6/14/2019,largemouth bass,110,,
60,burbank,6/13/2019,river shiner,49,,
61,little bridge,6/13/2019,common shiner,126,,
62,burbank,6/13/2019,red shiner,43,,
63,little bridge,6/13/2019,fathead minnow,40,,
64,little bridge,6/13/2019,black bullhead catfish,83,,
65,little bridge,6/13/2019,fathead minnow,51,,
66,burbank,6/13/2019,red shiner,50,,
67,little bridge,6/13/2019,black bullhead catfish,120,,
68,little bridge,6/13/2019,johnny darter,50,,
225,spirit mound,6/14/2019,creek chub,43,,
159,spirit mound,6/21/2019,fathead minnow,46,,
71,little bridge,6/20/2019,johnny darter,43,,
72,gunderson,6/21/2019,bluegill,65,,
73,gunderson,6/21/2019,bluegill,65,,
160,little bridge,6/20/2019,fathead minnow,44,,
116,little bridge,6/20/2019,creek chub,45,,
76,spirit mound,6/7/2019,spotfin shiner,51,,
85,little bridge,6/20/2019,johnny darter,48,029.jpeg,030.jpeg
78,little bridge,6/6/2019,creek chub,125,,
79,burbank,6/6/2019,spotfin shiner,59,,
80,little bridge,6/13/2019,black bullhead catfish,65,,
81,little bridge,6/13/2019,johnny darter,58,,
82,gunderson,6/21/2019,bluegill,66,,
83,spirit mound,6/7/2019,creek chub,90,,
84,little bridge,6/13/2019,black bullhead catfish,87,,
154,little bridge,6/20/2019,johnny darter,48,,
152,little bridge,6/20/2019,johnny darter,51,,
87,little bridge,6/13/2019,black bullhead catfish,110,,
114,spirit mound,6/21/2019,johnny darter,48,,
89,gunderson,6/21/2019,spotfin shiner,43,,
90,gunderson,6/21/2019,bluegill,43,,
91,gunderson,6/21/2019,bluegill,69,,
92,burbank,6/10/2019,spotfin shiner,61,,
93,little bridge,6/13/2019,black bullhead catfish,127,,
94,little bridge,6/13/2019,johnny darter,49,,
95,little bridge,6/13/2019,johnny darter,47,,
96,burbank,6/10/2019,spotfin shiner,47,,
97,burbank,6/10/2019,red shiner,45,,
98,burbank,6/10/2019,river shiner,40,,
99,burbank,6/10/2019,red shiner,51,,
100,burbank,6/10/2019,spotfin shiner,62,,
101,burbank,6/10/2019,spotfin shiner,43,,
102,burbank,6/10/2019,river shiner,37,,
103,burbank,6/10/2019,river shiner,43,,
104,burbank,6/10/2019,red shiner,48,,
105,little bridge,6/13/2019,stickleback,45,,
106,burbank,6/10/2019,common carp,35,,
107,burbank,6/10/2019,red shiner,48,,
108,burbank,6/10/2019,spotfin shiner,58,,
110,spirit mound,6/14/2019,green sunfish,44,,
171,spirit mound,6/14/2019,fathead minnow,45,,
227,spirit mound,6/14/2019,fathead minnow,47,,
112,gunderson,6/21/2019,northern pike,90,,
113,gunderson,6/21/2019,spotfin shiner,54,,
115,spirit mound,6/21/2019,fathead minnow,50,,
122,spirit mound,6/21/2019,johnny darter,56,,
153,little bridge,6/20/2019,fathead minnow,52,,
117,gunderson,6/21/2019,bluegill,52,,
150,little bridge,6/20/2019,johnny darter,55,,
120,spirit mound,6/21/2019,creek chub,69,,
70,spirit mound,6/21/2019,black bullhead catfish,75,,
121,little bridge,6/20/2019,johnny darter,59,,
164,spirit mound,6/21/2019,creek chub,77,025.jpeg,026.jpeg
123,spirit mound,6/11/2019,creek chub,82,,
124,burbank,6/27/2019,common carp,50,,
125,burbank,6/27/2019,common carp,51,,
127,burbank,6/27/2019,common carp,48,,
128,burbank,6/27/2019,bigmouth buffalo,44,,
240,burbank,6/27/2019,spotfin shiner,41,,
139,burbank,6/27/2019,spotfin shiner,42,,
140,little bridge,6/27/2019,johnny darter,44,,
132,burbank,6/27/2019,common carp,60,,
189,burbank,6/27/2019,spotfin shiner,42,,
236,little bridge,6/27/2019,sand shiner,45,,
135,burbank,6/27/2019,bigmouth buffalo,37,,
136,burbank,6/27/2019,bigmouth buffalo,34,,
137,burbank,6/27/2019,bigmouth buffalo,28,,
130,burbank,6/27/2019,spotfin shiner,43,,
186,burbank,6/27/2019,spotfin shiner,43,,
134,little bridge,6/27/2019,sand shiner,47,,
141,burbank,6/27/2019,pumpkinseed sunfish,75,,
142,burbank,6/27/2019,spotfin shiner,45,,
143,gunderson,6/28/2019,bluegill,34,,
144,gunderson,6/28/2019,bluegill,62,,
212,spirit mound,6/28/2019,green sunfish,41,,
173,burbank,6/27/2019,spotfin shiner,45,,
147,burbank,6/27/2019,bigmouth buffalo,38,,
181,little bridge,6/27/2019,johnny darter,48,,
149,gunderson,6/28/2019,bluegill,40,,
74,little bridge,6/20/2019,creek chub,64,034.jpeg,035.jpeg
163,little bridge,6/20/2019,black bullhead catfish,83,,
157,little bridge,6/20/2019,black bullhead catfish,89,,
86,little bridge,6/20/2019,river shiner,94,,
75,little bridge,6/20/2019,creek chub,95,,
156,little bridge,6/20/2019,black bullhead catfish,95,,
162,little bridge,6/20/2019,black bullhead catfish,97,,
158,little bridge,6/13/2019,creek chub,72,040.jpeg,041.jpeg
88,spirit mound,6/21/2019,creek chub,83,,
155,little bridge,6/20/2019,black bullhead catfish,105,,
77,little bridge,6/20/2019,black bullhead catfish,119,,
161,little bridge,6/20/2019,black bullhead catfish,162,,
118,little bridge,6/20/2019,black bullhead catfish,184,,
119,spirit mound,6/21/2019,black bullhead catfish,93,,
165,gunderson,6/14/2019,bluegill,68,,
168,spirit mound,6/14/2019,creek chub,48,,
111,spirit mound,6/14/2019,johnny darter,50,,
167,spirit mound,6/14/2019,johnny darter,52,,
231,spirit mound,6/14/2019,creek chub,54,,
228,spirit mound,6/14/2019,creek chub,55,014.jpeg,015.jpeg
172,burbank,6/27/2019,common carp,49,,
174,burbank,6/27/2019,spotfin shiner,45,,
177,burbank,6/27/2019,spotfin shiner,45,,
131,little bridge,6/27/2019,sand shiner,48,,
176,burbank,6/27/2019,bigmouth buffalo,35,,
182,burbank,6/27/2019,spotfin shiner,45,,
178,little bridge,6/27/2019,fathead minnow,51,,
179,gunderson,6/28/2019,bluegill,66,,
180,burbank,6/27/2019,common carp,80,,
129,burbank,6/27/2019,spotfin shiner,50,,
184,gunderson,6/28/2019,bluegill,48,,
185,gunderson,6/28/2019,bluegill,53,,
187,burbank,6/27/2019,spotfin shiner,51,,
138,burbank,6/27/2019,spotfin shiner,52,,
257,spirit mound,6/28/2019,green sunfish,42,010.jpeg,011.jpeg
146,burbank,6/27/2019,spotfin shiner,52,,
190,burbank,6/27/2019,common carp,58,,
191,burbank,6/27/2019,grass pickerel,120,,
192,burbank,6/27/2019,common carp,39,,
193,burbank,6/27/2019,common carp,48,,
194,burbank,6/27/2019,common carp,75,,
195,burbank,6/27/2019,common carp,50,,
263,spirit mound,6/28/2019,green sunfish,43,,
197,gunderson,6/28/2019,pumpkinseed sunfish,135,,
198,gunderson,6/28/2019,bluegill,36,,
262,spirit mound,6/28/2019,fathead minnow,45,,
247,spirit mound,6/28/2019,green sunfish,47,008.jpeg,009.jpeg
196,spirit mound,6/28/2019,johnny darter,53,,
217,spirit mound,6/28/2019,green sunfish,54,,
188,spirit mound,6/28/2019,johnny darter,55,,
264,spirit mound,6/28/2019,johnny darter,55,,
206,gunderson,6/28/2019,bluegill,42,,
244,spirit mound,6/28/2019,creek chub,59,016.jpeg,017.jpeg
208,gunderson,6/28/2019,bluegill,59,,
209,gunderson,6/28/2019,bluegill,56,,
210,gunderson,6/28/2019,northern pike,113,,
211,burbank,6/27/2019,common carp,40,,
200,spirit mound,6/28/2019,green sunfish,61,,
213,gunderson,6/28/2019,bluegill,51,,
214,gunderson,6/28/2019,bluegill,75,,
205,spirit mound,6/28/2019,creek chub,61,027.jpeg,028.jpeg
215,spirit mound,6/28/2019,green sunfish,63,,
259,spirit mound,6/28/2019,creek chub,65,,
218,burbank,6/27/2019,bigmouth buffalo,35,,
199,spirit mound,6/28/2019,creek chub,66,,
222,gunderson,6/14/2019,common carp,33,,
226,spirit mound,6/14/2019,sand shiner,56,,
229,spirit mound,6/14/2019,fathead minnow,56,,
266,spirit mound,6/14/2019,fathead minnow,56,,
170,spirit mound,6/14/2019,johnny darter,61,031.jpeg,032.jpeg
69,spirit mound,6/14/2019,sand shiner,62,,
230,spirit mound,6/14/2019,black bullhead catfish,67,,
224,spirit mound,6/14/2019,creek chub,69,,
109,spirit mound,6/14/2019,black bullhead catfish,75,,
169,spirit mound,6/14/2019,black bullhead catfish,81,,
232,little bridge,6/13/2019,creek chub,83,,
251,little bridge,6/27/2019,johnny darter,51,,
175,little bridge,6/27/2019,spotfin shiner,51,,
241,little bridge,6/27/2019,creek chub,61,006.jpeg,007.jpeg
238,little bridge,6/27/2019,creek chub,66,000.jpeg,001.jpeg
183,burbank,6/27/2019,spotfin shiner,54,,
250,little bridge,6/27/2019,creek chub,67,,
133,burbank,6/27/2019,spotfin shiner,55,,
245,little bridge,6/27/2019,creek chub,73,,
233,little bridge,6/27/2019,creek chub,76,,
203,spirit mound,6/28/2019,river shiner,66,,
216,spirit mound,6/28/2019,green sunfish,67,,
235,little bridge,6/27/2019,black bullhead catfish,85,,
246,gunderson,6/28/2019,bluegill,40,,
145,spirit mound,6/28/2019,creek chub,68,,
248,little bridge,6/27/2019,black bullhead catfish,89,,
148,little bridge,6/27/2019,creek chub,93,,
249,little bridge,6/27/2019,creek chub,112,,
234,little bridge,6/27/2019,black bullhead catfish,114,,
255,little bridge,6/27/2019,black bullhead catfish,114,018.jpeg,019.jpeg
219,spirit mound,6/28/2019,creek chub,70,,
254,gunderson,6/28/2019,northern pike,207,,
252,little bridge,6/27/2019,creek chub,148,022.jpeg,023.jpeg
202,spirit mound,6/28/2019,creek chub,73,,
207,spirit mound,6/28/2019,creek chub,73,,
201,spirit mound,6/28/2019,sand shiner,79,,
258,spirit mound,6/28/2019,creek chub,120,012.jpeg,013.jpeg
260,gunderson,6/28/2019,bluegill,64,,
261,gunderson,6/28/2019,bluegill,59,,
256,spirit mound,6/28/2019,creek chub,127,021.jpeg,022.jpeg
253,spirit mound,6/28/2019,creek chub,148,,
243,spirit mound,6/28/2019,fathead minnow,58 or 43,,
265,gunderson,6/28/2019,walleye,58,,
223,spirit mound,6/14/2019,creek chub,96,,
267,burbank,6/27/2019,bigmouth buffalo,31,,
268,burbank,7/10/2019,common carp,43,,
293,spirit mound,7/10/2019,bigmouth buffalo,39,,
270,burbank,7/10/2019,spotfin shiner,57,,
390,little bridge,7/10/2019,bigmouth buffalo,43,,
278,little bridge,7/10/2019,bigmouth buffalo,44,,
372,spirit mound,7/10/2019,bigmouth buffalo,39,,
387,little bridge,7/10/2019,bigmouth buffalo,44,,
335,little bridge,7/10/2019,bigmouth buffalo,45,,
276,burbank,7/10/2019,common carp,55,,
277,little bridge,7/10/2019,johnny darter,46,,
288,little bridge,7/10/2019,fathead minnow,49,,
298,spirit mound,7/10/2019,bigmouth buffalo,43,,
368,little bridge,7/10/2019,fathead minnow,49,,
541,little bridge,7/10/2019,bigmouth buffalo,49,,
322,spirit mound,7/10/2019,bigmouth buffalo,44,,
301,little bridge,7/10/2019,fathead minnow,50,,
272,little bridge,7/10/2019,johnny darter,51,,
282,spirit mound,7/10/2019,bigmouth buffalo,48,,
289,spirit mound,7/10/2019,bigmouth buffalo,49,,
294,little bridge,7/10/2019,green sunfish,51,,
361,little bridge,7/10/2019,green sunfish,51,,
364,spirit mound,7/10/2019,bigmouth buffalo,49,,
362,spirit mound,7/10/2019,common carp,51,,
386,spirit mound,7/10/2019,fathead minnow,53,,
299,little bridge,7/10/2019,fathead minnow,52,,
286,spirit mound,7/10/2019,black bullhead catfish,54,,
281,little bridge,7/10/2019,johnny darter,53,,
359,spirit mound,7/10/2019,bigmouth buffalo,56,,
269,spirit mound,7/10/2019,bigmouth buffalo,58,,
287,little bridge,7/10/2019,green sunfish,53,,
296,spirit mound,7/10/2019,bigmouth buffalo,60,,
297,little bridge,7/10/2019,bigmouth buffalo,53,,
300,little bridge,7/10/2019,johnny darter,53,,
394,little bridge,7/10/2019,bigmouth buffalo,54,,
302,spirit mound,7/10/2019,bluegill,60,,
304,little bridge,7/10/2019,sand shiner,55,,
358,little bridge,7/10/2019,bigmouth buffalo,56,,
305,burbank,7/17/2019,bigmouth buffalo,94,,
306,burbank,7/17/2019,bigmouth buffalo,45,,
307,gunderson,7/17/2019,bluegill,155,,
308,gunderson,7/17/2019,bigmouth buffalo,58,,
309,burbank,7/17/2019,bigmouth buffalo,51,,
310,burbank,7/17/2019,bigmouth buffalo,47,,
311,burbank,7/17/2019,smallmouth buffalo,47,,
312,burbank,7/17/2019,common carp,65,,
313,burbank,7/17/2019,fathead minnow,49,,
314,gunderson,7/17/2019,spotfin shiner,46,,
315,burbank,7/17/2019,common carp,85,,
316,burbank,7/17/2019,common carp,45,,
317,burbank,7/17/2019,bluegill,61,,
318,spirit mound,7/17/2019,creek chub,61,,
319,burbank,7/17/2019,smallmouth buffalo,46,,
320,gunderson,7/17/2019,bigmouth buffalo,48,,
321,gunderson,7/17/2019,bluegill,50,,
285,spirit mound,7/10/2019,creek chub,61,,
323,burbank,7/17/2019,bigmouth buffalo,52,,
324,burbank,7/17/2019,common carp,70,,
325,burbank,7/17/2019,bigmouth buffalo,54,,
290,spirit mound,7/10/2019,bigmouth buffalo,65,,
327,burbank,7/17/2019,smallmouth buffalo,51,,
328,burbank,7/17/2019,common carp,36,,
363,little bridge,7/10/2019,bigmouth buffalo,57,,
330,burbank,7/17/2019,smallmouth buffalo,49,,
331,burbank,7/17/2019,bigmouth buffalo,46,,
332,burbank,7/17/2019,common carp,44,,
333,burbank,7/17/2019,bluegill,94,,
291,spirit mound,7/10/2019,common shiner,67,,
435,little bridge,7/10/2019,common shiner,64,,
345,little bridge,7/25/2019,bigmouth buffalo,48,,
557,little bridge,7/25/2019,johnny darter,48,,
405,little bridge,7/25/2019,common shiner,49,,
480,little bridge,7/25/2019,johnny darter,50,,
338,little bridge,7/25/2019,johnny darter,51,,
341,burbank,7/17/2019,common carp,110,,
284,little bridge,7/10/2019,common carp,65,,
477,little bridge,7/25/2019,johnny darter,52,,
339,little bridge,7/25/2019,johnny darter,53,,
340,little bridge,7/25/2019,johnny darter,53,,
501,little bridge,7/25/2019,johnny darter,53,,
336,little bridge,7/25/2019,johnny darter,55,,
334,spirit mound,7/10/2019,common shiner,67,,
487,little bridge,7/25/2019,johnny darter,55,,
398,little bridge,7/25/2019,johnny darter,56,,
484,little bridge,7/25/2019,johnny darter,56,,
337,little bridge,7/25/2019,johnny darter,57,,
343,little bridge,7/25/2019,smallmouth buffalo,57,,
354,burbank,7/25/2019,black bullhead catfish,61,,
355,burbank,7/10/2019,gar,73,,
356,burbank,7/17/2019,bigmouth buffalo,47,,
378,little bridge,7/10/2019,common carp,65,,
329,little bridge,7/10/2019,common shiner,66,,
396,spirit mound,7/10/2019,common shiner,72,,
271,little bridge,7/10/2019,creek chub,68,,
438,little bridge,7/10/2019,creek chub,69,,
397,spirit mound,7/10/2019,common carp,72,051.jpeg,052.jpeg
280,little bridge,7/10/2019,creek chub,70,,
367,spirit mound,7/10/2019,common carp,74,,
357,little bridge,7/10/2019,common carp,70,,
366,gunderson,7/17/2019,spotfin shiner,48,,
392,spirit mound,7/10/2019,common shiner,79,,
383,little bridge,7/10/2019,creek chub,70,,
440,little bridge,7/10/2019,common shiner,70,,
283,little bridge,7/10/2019,common shiner,71,,
371,burbank,7/10/2019,bigmouth buffalo,52,,
326,spirit mound,7/10/2019,common shiner,83,,
373,burbank,7/10/2019,bigmouth buffalo,50,,
374,burbank,7/10/2019,bigmouth buffalo,38,,
292,little bridge,7/10/2019,common shiner,71,,
376,burbank,7/10/2019,bigmouth buffalo,37,,
446,gunderson,7/10/2019,bluegill,66,,
370,little bridge,7/10/2019,creek chub,75,,
379,gunderson,7/17/2019,red shiner,51,,
380,burbank,7/10/2019,bigmouth buffalo,41,,
381,burbank,7/10/2019,common carp,52,,
382,burbank,7/10/2019,bigmouth buffalo,33,,
275,little bridge,7/10/2019,bigmouth buffalo,76,,
384,burbank,7/10/2019,bigmouth buffalo,38,,
385,burbank,7/10/2019,red shiner,40,,
458,spirit mound,7/10/2019,bigmouth buffalo,99,,
427,little bridge,7/10/2019,black bullhead catfish,76,,
388,burbank,7/17/2019,pumpkinseed sunfish,71,,
389,burbank,7/10/2019,bigmouth buffalo,40,,
342,little bridge,7/10/2019,common carp,77,,
391,burbank,7/10/2019,common carp,47,,
279,spirit mound,7/10/2019,creek chub,102,,
393,burbank,7/10/2019,bigmouth buffalo,38,,
449,little bridge,7/10/2019,creek chub,83,,
395,burbank,7/10/2019,bigmouth buffalo,51,,
295,spirit mound,7/10/2019,common shiner,102,,
348,spirit mound,7/10/2019,common shiner,102,,
425,little bridge,7/25/2019,johnny darter,58,,
350,little bridge,7/25/2019,smallmouth buffalo,60,,
347,little bridge,7/25/2019,common carp,65,,
408,little bridge,7/25/2019,smallmouth buffalo,66,,
516,little bridge,7/19/2019,johnny darter,44,,
403,burbank,7/10/2019,red shiner,41,,
463,gunderson,7/10/2019,bluegill,66,,
407,little bridge,7/25/2019,common shiner,69,,
406,burbank,7/10/2019,bigmouth buffalo,36,,
351,little bridge,7/25/2019,creek chub,73,,
352,little bridge,7/25/2019,common shiner,76,047.jpeg,048.jpeg
409,burbank,7/10/2019,bigmouth buffalo,55,,
410,burbank,7/25/2019,bigmouth buffalo,58,,
411,burbank,7/25/2019,common carp,68,,
412,burbank,7/25/2019,grass pickerel,58,,
413,burbank,7/25/2019,common carp,85,,
414,burbank,7/25/2019,common carp,98,,
415,burbank,7/25/2019,black bullhead catfish,59,,
416,burbank,7/25/2019,bigmouth buffalo,68,,
417,burbank,7/25/2019,common carp,85,,
418,burbank,7/25/2019,common carp,60,,
419,burbank,7/25/2019,common carp,60,,
420,burbank,7/25/2019,black bullhead catfish,57,,
421,burbank,7/25/2019,common carp,79,,
422,burbank,7/25/2019,bigmouth buffalo,64,,
423,burbank,7/25/2019,bigmouth buffalo,42,,
424,burbank,7/25/2019,bigmouth buffalo,51,,
473,little bridge,7/25/2019,creek chub,76,,
426,burbank,7/17/2019,black bullhead catfish,53,,
445,little bridge,7/10/2019,creek chub,84,,
428,gunderson,7/17/2019,bluegill,148,,
429,burbank,7/17/2019,black bullhead catfish,55,,
430,little bridge,7/17/2019,creek chub,92,,
431,burbank,7/10/2019,spotfin shiner,54,,
432,gunderson,7/17/2019,spotfin shiner,48,,
377,gunderson,7/10/2019,bluegill,69,053.jpeg,054.jpeg
447,gunderson,7/10/2019,bluegill,71,,
369,little bridge,7/10/2019,common carp,85,,
274,little bridge,7/10/2019,creek chub,91,,
437,gunderson,7/10/2019,bluegill,74,,
456,little bridge,7/10/2019,black bullhead catfish,93,,
303,little bridge,7/10/2019,black bullhead catfish,94,,
365,little bridge,7/10/2019,creek chub,98,,
439,little bridge,7/10/2019,black bullhead catfish,108,,
568,little bridge,7/25/2019,common shiner,77,,
565,gunderson,7/10/2019,bluegill,75,,
453,little bridge,7/25/2019,common shiner,78,,
452,little bridge,7/10/2019,black bullhead catfish,115,,
433,gunderson,7/10/2019,bluegill,77,,
451,gunderson,7/10/2019,bluegill,77,,
448,burbank,7/17/2019,common carp,61,,
360,little bridge,7/10/2019,creek chub,120,,
450,little bridge,7/25/2019,common shiner,79,,
459,gunderson,7/10/2019,bluegill,79,,
441,little bridge,7/10/2019,black bullhead catfish,123,,
344,little bridge,7/25/2019,creek chub,80,,
454,little bridge,7/10/2019,black bullhead catfish,124,,
455,little bridge,7/10/2019,black bullhead catfish,124,,
375,little bridge,7/10/2019,black bullhead catfish,132,044.jpeg,045.jpeg
400,little bridge,7/25/2019,common carp,82,,
499,spirit mound,7/10/2019,creek chub,142,,
434,gunderson,7/10/2019,bluegill,81,,
469,gunderson,7/10/2019,bluegill,104,,
444,little bridge,7/25/2019,common shiner,84,,
399,little bridge,7/25/2019,common carp,89,,
404,gunderson,7/10/2019,gar,110,,
443,gunderson,7/10/2019,bluegill,138,,
465,burbank,7/25/2019,black bullhead catfish,57,,
401,little bridge,7/25/2019,common shiner,89,,
464,gunderson,7/10/2019,bluegill,143,,
468,burbank,7/25/2019,black bullhead catfish,57,,
467,gunderson,7/10/2019,bluegill,148,,
470,burbank,7/25/2019,black bullhead catfish,60,,
471,burbank,7/25/2019,black bullhead catfish,59,,
472,burbank,7/25/2019,black bullhead catfish,62,,
346,little bridge,7/25/2019,common shiner,94,,
474,burbank,7/25/2019,black bullhead catfish,61,,
475,burbank,7/25/2019,black bullhead catfish,59,,
476,burbank,7/25/2019,bigmouth buffalo,65,,
462,little bridge,7/25/2019,common shiner,95,,
478,burbank,7/25/2019,grass pickerel,64,,
479,burbank,7/25/2019,grass pickerel,67,,
457,little bridge,7/25/2019,creek chub,96,,
481,burbank,7/25/2019,bigmouth buffalo,54,,
482,burbank,7/25/2019,bigmouth buffalo,not listed (double check this),,
483,burbank,7/25/2019,grass pickerel,58,,
349,little bridge,7/25/2019,creek chub,108,,
485,burbank,7/25/2019,grass pickerel,82,,
486,burbank,7/25/2019,bigmouth buffalo,54,,
500,little bridge,7/25/2019,black bullhead catfish,112,,
442,little bridge,7/25/2019,black bullhead catfish,115,,
489,burbank,7/25/2019,black bullhead catfish,50,,
517,little bridge,7/19/2019,bigmouth buffalo,44,,
490,little bridge,7/19/2019,bigmouth buffalo,46,,
527,little bridge,7/19/2019,bigmouth buffalo,47,,
493,spirit mound,7/19/2019,bigmouth buffalo,42,,
528,little bridge,7/19/2019,fathead minnow,47,,
504,little bridge,7/19/2019,johnny darter,49,,
353,little bridge,7/25/2019,creek chub,117,,
505,little bridge,7/19/2019,johnny darter,49,,
498,spirit mound,7/19/2019,johnny darter,53,,
273,spirit mound,7/10/2019,black bullhead catfish,145,,
488,little bridge,7/25/2019,creek chub,117,,
466,little bridge,7/25/2019,black bullhead catfish,119,,
530,little bridge,7/19/2019,bigmouth buffalo,49,,
566,little bridge,7/19/2019,fathead minnow,49,,
495,little bridge,7/19/2019,johnny darter,50,,
514,little bridge,7/19/2019,johnny darter,50,,
506,spirit mound,7/19/2019,johnny darter,53,,
507,little bridge,7/19/2019,bigmouth buffalo,52,,
508,spirit mound,7/26/2019,johnny darter,54,,
509,spirit mound,7/26/2019,johnny darter,51,,
510,little bridge,7/26/2019,creek chub,110,,
511,spirit mound,7/19/2019,johnny darter,59,,
491,little bridge,7/19/2019,johnny darter,55,,
513,spirit mound,7/19/2019,creek chub,107,,
492,little bridge,7/19/2019,johnny darter,55,,
515,spirit mound,7/19/2019,johnny darter,58,,
545,little bridge,7/19/2019,common carp,55,,
402,little bridge,7/19/2019,fathead minnow,56,049.jpeg,050.jpeg
518,spirit mound,7/26/2019,common carp,86,,
519,little bridge,7/26/2019,johnny darter,50,,
520,spirit mound,7/26/2019,johnny darter,59,,
521,spirit mound,7/19/2019,johnny darter,59,,
494,little bridge,7/19/2019,johnny darter,56,,
523,spirit mound,7/19/2019,green sunfish,56,,
524,spirit mound,7/19/2019,smallmouth buffalo,55,,
503,little bridge,7/19/2019,johnny darter,56,,
544,little bridge,7/19/2019,johnny darter,56,,
525,little bridge,7/19/2019,smallmouth buffalo,57,,
593,little bridge,7/19/2019,green sunfish,57,,
497,little bridge,7/19/2019,smallmouth buffalo,58,,
512,little bridge,7/19/2019,johnny darter,58,,
531,spirit mound,7/19/2019,green sunfish,67,,
540,little bridge,7/19/2019,johnny darter,58,,
529,little bridge,7/19/2019,bigmouth buffalo,64,,
534,spirit mound,7/26/2019,bigmouth buffalo,51,,
536,spirit mound,7/26/2019,common carp,59,,
537,spirit mound,7/26/2019,johnny darter,60,,
538,spirit mound,7/26/2019,johnny darter,56,,
539,gunderson,7/26/2019,smallmouth buffalo,64,,
526,little bridge,7/19/2019,creek chub,66,,
436,little bridge,7/10/2019,creek chub,135,,
542,spirit mound,7/19/2019,bigmouth buffalo,47,,
543,gunderson,7/26/2019,bluegill,60,,
533,little bridge,7/19/2019,smallmouth buffalo,66,,
502,little bridge,7/19/2019,common carp,75,,
546,spirit mound,7/26/2019,fathead minnow,50,,
547,spirit mound,7/26/2019,johnny darter,53,,
548,spirit mound,7/17/2019,creek chub,78,,
576,little bridge,7/19/2019,creek chub,84,,
550,spirit mound,7/26/2019,johnny darter,52,,
551,spirit mound,7/26/2019,creek chub,115,,
552,spirit mound,7/26/2019,creek chub,117,,
553,spirit mound,7/26/2019,johnny darter,60,,
554,spirit mound,7/26/2019,creek chub,81,,
556,spirit mound,7/26/2019,smallmouth buffalo,55,,
461,little bridge,7/25/2019,black bullhead catfish,121,,
558,spirit mound,7/26/2019,creek chub,86,,
559,spirit mound,7/26/2019,creek chub,160,,
560,spirit mound,7/26/2019,johnny darter,57,,
561,spirit mound,7/26/2019,bigmouth buffalo,62,,
562,spirit mound,7/26/2019,bigmouth buffalo,57,,
563,gunderson,7/26/2019,smallmouth buffalo,42,,
564,little bridge,7/19/2019,creek chub,85,,
460,gunderson,7/10/2019,pumpkinseed sunfish,153,,
588,little bridge,7/19/2019,green sunfish,90,,
567,burbank,7/25/2019,black bullhead catfish,64,,
496,little bridge,7/25/2019,creek chub,139,,
569,spirit mound,7/26/2019,green sunfish,99,,
570,spirit mound,7/26/2019,creek chub,112,,
571,spirit mound,7/26/2019,green sunfish,67,,
572,spirit mound,7/19/2019,creek chub,96,,
573,spirit mound,7/19/2019,creek chub,77,,
574,gunderson,7/26/2019,smallmouth bass,131,,
575,gunderson,7/26/2019,bluegill,77,,
522,little bridge,7/19/2019,creek chub,93,,
577,spirit mound,7/26/2019,creek chub,142,,
578,spirit mound,7/26/2019,creek chub,126,,
579,spirit mound,7/19/2019,fathead minnow,45,,
580,spirit mound,7/26/2019,creek chub,48,,
581,gunderson,7/26/2019,bluegill,150,,
582,spirit mound,7/26/2019,common carp,85,,
583,spirit mound,7/26/2019,creek chub,162,,
584,spirit mound,7/26/2019,fathead minnow,54,,
585,gunderson,7/26/2019,bluegill,118,,
586,spirit mound,7/26/2019,creek chub,95,,
587,gunderson,7/26/2019,bluegill,147,,
549,little bridge,7/19/2019,common shiner,94,,
589,gunderson,7/26/2019,bluegill,71,,
590,spirit mound,7/26/2019,green sunfish,83,,
591,spirit mound,7/19/2019,creek chub,87,,
592,gunderson,7/26/2019,bluegill,79,,
600,little bridge,7/19/2019,common shiner,95,,
594,spirit mound,7/19/2019,green sunfish,69,,
595,spirit mound,7/19/2019,creek chub,88,,
596,little bridge,7/19/2019,green sunfish,102,,
597,little bridge,7/19/2019,black bullhead catfish,115,,
598,spirit mound,7/19/2019,creek chub,107,,
599,spirit mound,7/19/2019,common shiner,76,,
604,little bridge,7/19/2019,black bullhead catfish,130,,
601,spirit mound,7/19/2019,creek chub,95,,
602,spirit mound,7/19/2019,creek chub,81,,
603,spirit mound,7/19/2019,common shiner,67,,
532,little bridge,7/19/2019,johnny darter,49/52,,
605,spirit mound,7/19/2019,creek chub,85,,
606,spirit mound,6/7/2019,black bullhead catfish,98,,
607,little bridge,6/6/2019,johnny darter,44,,
608,spirit mound,6/7/2019,creek chub,90,,
609,gunderson,6/5/2019,bluegill,92,,
610,little bridge,6/6/2019,creek chub,96,,
611,burbank,6/6/2019,green sunfish,58,,
612,burbank,6/6/2019,spotfin shiner,69,,
613,little bridge,6/6/2019,creek chub,NA,,
614,burbank,6/6/2019,spotfin shiner,54,,
615,little bridge,6/6/2019,fathead minnow,70,,
616,little bridge,6/6/2019,fathead minnow,56,,
617,little bridge,6/6/2019,sand shiner,67,,
